Youth (15-24) literacy rate (%). Total,1975,1976,1977,1978,1979,1980,1981,1982,1983,1984,1985,1986,1987,1988,1989,1990,1991,1992,1993,1994,1995,1996,1997,1998,1999,2000,2001,2002,2003,2004,2005,2006,2007,2008,2009,2010,2011
Afghanistan,,,,,30.0663526018593,,,,,,,,,,,,,,,,,,,,,,,,,,,,,,,,
Albania,,,,,,,,,,,,,,,,,,,,,,,,,,,99.4351514416058,,,,,,,98.831206963506,,,98.7911901599771
Algeria,,,,,,,,,,,,,74.3272668947819,,,,,,,,,,,,,,,90.1372096182584,,,,91.7796405188312,,,,,
Andorra,,,,,,,,,,,,,,,,,,,,,,,,,,,,,,,,,,,,,
Angola,,,,,,,,,,,,,,,,,,,,,,,,,,,72.1944906637086,,,,,,,,,,73.03646
Anguilla,,,,,,,,,,99.1137370753324,,,,,,,,,,,,,,,,,,,,,,,,,,,
Antigua and Barbuda,,,,,,,,,,,,,,,,,,,,,,,,,,,,,,,,,,,,,
Argentina,,,,,,96.8825434303368,,,,,,,,,,,98.3046406952345,,,,,,,,,,98.9166583041663,,,,,,,,,,99.21508
Armenia,,,,,,,,,,,,,,,99.9099626425517,,,,,,,,,,,,99.8072839773834,,,,,,,,,,99.75676
Aruba,,,,,,,,,,,,,,,,,,,,,,,,,,99.0264130532768,,,,,,,,,,99.1384124451536,
Australia,,,,,,,,,,,,,,,,,,,,,,,,,,,,,,,,,,,,,
Austria,,,,,,,,,,,,,,,,,,,,,,,,,,,,,,,,,,,,,
Azerbaijan,,,,,,,,,,,,,,,,,,,,,,,,,99.8860966754467,,,,,,,,100,,99.9512960658044,,
Bahamas,,,,,,,,,,,,,,,,,,,,,,,,,,,,,,,,,,,,,
Bahrain,,,,,,,86.2930900015598,,,,,,,,,,96.9381052016933,,,,,,,,,,97.0247104951217,,,,,,,,,98.1635960883894,
Bangladesh,,,,,,,35.6532472445785,,,,,,,,,,44.6808255327405,,,,,,,,,,63.6227345998245,,,,,,,,,,78.70577
Barbados,,,,,,,,,,,,,,,,,,,,,,,,,,,,,,,,,,,,,
Belarus,,,,,,,,,,,,,,,99.7662835330399,,,,,,,,,,99.7918421040349,,,,,,,,,,99.8232134751583,,
Belgium,,,,,,,,,,,,,,,,,,,,,,,,,,,,,,,,,,,,,
Belize,,,,,,,,,,,,,,,,,76.4204755907845,,,,,,,,,,,,,,,,,,,,
Benin,,,,,29.7867433540293,,,,,,,,,,,,,39.8766125202802,,,,,,,,,,45.3096249009998,,,,42.3627038828468,,,,,
Bermuda,,,,,,,,,,,,,,,,,,,,,,,,,,,,,,,,,,,,,
Bhutan,,,,,,,,,,,,,,,,,,,,,,,,,,,,,,,74.4052068830715,,,,,,
Bolivia,,83.5519798696302,,,,,,,,,,,,,,,,93.8961126233342,,,,,,,,,97.3237803211998,,,,,,99.4413579593511,99.1224988524788,99.3839740151983,,
Bosnia and Herzegovina,,,,,,,,,,,,,,,,,,,,,,,,,,99.7939303109779,,,,,,,,,,,99.6976
Botswana,,,,,,,,,,,,,,,,,89.2582985403906,,,,,,,,,,,,93.9574410437574,,,,,,,,95.21442
Brazil,,,,,,83.9142675536004,,,,,,,,,,,,,,,,,,,,94.1841148804932,,,,96.8438598946904,,97.5822982547526,97.8006301228708,97.8436297882611,98.0655360192495,97.5141248614649,
British Virgin Islands,,,,,,,,,,,,,,,,,,,,,,,,,,,,,,,,,,,,,
Brunei,,,,,,,93.6810058332752,,,,,,,,,,98.0956662103349,,,,,,,,,,98.893787045751,,,,,,,,,,99.74533
Bulgaria,,,,,,,,,,,,,,,,,,,,,,,,,,,98.212476519093,,,,,,,,,,97.8650541556247
Burkina Faso,14.3775176233635,,,,,,,,,,,,,,,,20.1802887813644,,,,,19.4141516474172,,,,,,,31.2292601620896,,32.9666184248988,,39.2577801502101,,,,
Burundi,,,,,30.976585535458,,,,,,,,,,,53.5552060642174,,,,,,,,,,73.3300589390963,,,,,,,,88.8863668518211,,,
Cambodia,,,,,,,,,,,,,,,,,,,,,,,,76.3182067653486,,,,,,83.382864745732,,,,87.4713774079702,87.1324579644856,,
Cameroon,,68.8170326812424,,,,,,,,,,,,,,,,,,,,,,,,83.0982859622478,,,,,,,83.1355732858294,,,80.5744411917711,
Canada,,,,,,,,,,,,,,,,,,,,,,,,,,,,,,,,,,,,,
Cape Verde,,,,,,,,,,,,,,,,88.1679046363963,,,,,,,,,,,,,,97.11791,,,,,,,98.43517
Cayman Islands,,,,,,,,,,,,,,,,,,,,,,,,,,,,,,,,,98.9068193649141,,,,
Central African Rep.,34.5124439577308,,,,,,,,,,,,,48.2023291643062,,,,,,,,,,,,60.8070500927644,,,,,,,,,,,65.62911
Chad,,,,,,,,,,,,,,,,,,,17.34737806839,,,,,,,37.5573531322115,,,,41.6731216111541,,,,,,,47.8884
Chile,,,,,,,,96.6539842430495,,,,,,,,,,98.4279670452015,,,,,,,,,,98.9909793009512,,,,,,99.1535795337172,98.8723787615011,,
China,,,,,,,,88.7733363032188,,,,,,,,94.2814731782557,,,,,,,,,,98.8587300200933,,,,,,,,,,99.6422902938066,
Colombia,,,,,,,,,,,,,,,,,,,90.5246512427039,,,96.9950021264082,,,,,,,,97.9913102210156,97.9584021882159,97.883173011973,97.9686280695242,97.9892699017595,97.9374311574753,98.0984184314786,98.2393694005665
Comoros,,,,,,61.7130173172879,,,,,,,,,,,,,,,,,,,,80.1857585139319,,,,,,,,,,,86.03743
"Congo, Dem. Rep.",,,,,,,,,,,,,,,,,,,,,,,,,,,70.4162633107454,,,,,,65.7765281546627,,,,
"Congo, Rep.",,,,,,,,,,,,,,,,,,,,,,,,,,,,,,,,,,,,,
Cook Islands,,,,,,,,,,,,,,,,,,,,,,,,,,,,,,,,,,,,,
Costa Rica,,,,,,,,,,97.1481939487286,,,,,,,,,,,,,,,,97.6146958795086,,,,,,,,,,,98.28535
Cote d'Ivoire,,,,,,,,,,,,,,48.5084766479655,,,,,,,,,,47.0587129378413,,60.7236544549977,,,,,,,,,,,67.52731
Croatia,,,,,,,,,,,,,,,,,99.6358922958893,,,,,,,,,,99.6486415298754,,,,,,,,,,99.64582
Cuba,,,,,,,99.5685685598378,,,,,,,,,,,,,,,,,,,,,99.9556036779705,,,,,,,,,99.98637
Cyprus,,,,,,,,,,,,,,,,,,99.6213941603273,,,,,,,,,99.7749317261512,,,,,,,,,,99.8209860684065
Czech Rep.,,,,,,,,,,,,,,,,,,,,,,,,,,,,,,,,,,,,,
Denmark,,,,,,,,,,,,,,,,,,,,,,,,,,,,,,,,,,,,,
Djibouti,,,,,,,,,,,,,,,,,,,,,,,,,,,,,,,,,,,,,
Dominica,,,,,,,,,,,,,,,,,,,,,,,,,,,,,,,,,,,,,
Dominican Rep.,,,,,,,82.6241961924118,,,,,,,,,,,,,,,,,,,,,94.2175720933154,,,,,95.78686486123,,,96.8057512398917,97.0419063270337
Ecuador,,,,,,,,93.4014553523652,,,,,,,,96.1947069643618,,,,,,,,,,,96.4372063431946,,,,,,95.4279688912197,,96.8310975674011,98.652705728372,98.6948410946124
Egypt,,51.0311641692137,,,,,,,,,,63.3276157842555,,,,,,,,,,73.2186890694876,,,,,,,,,84.9329001850111,84.8782741824603,,,,87.5096361480589,88.3957783844246
El Salvador,,,,,,,,,,,,,,,,,,84.9466352985022,,,,,,,,,,,,88.96399,,94.9509908461259,93.5649388698629,95.9574739039492,95.0220631512493,96.0344553764193,
Equatorial Guinea,,,,,,,,,,,,,,,,,,,,,,,,,,97.1313672922252,,,,,,,,,,,98.05908
Eritrea,,,,,,,,,,,,,,,,,,,,,,,,,,,,77.9452945677123,,,,,,,,,90.13328
Estonia,,,,,,,,,,,,,,,99.8678861317523,,,,,,,,,,,99.7705019945086,,,,,,,,,,,99.79762
Ethiopia,,,,,,,,,,,,,,,,,,,,33.5854008338079,,,,,,,,,,49.9,44.6059656866235,,54.982977257246,,,,
Fiji,,,,,,,,,,,,,,,,,,,,,,,,,,,,,,,,,,,,,
Finland,,,,,,,,,,,,,,,,,,,,,,,,,,,,,,,,,,,,,
France,,,,,,,,,,,,,,,,,,,,,,,,,,,,,,,,,,,,,
Gabon,,,,,,,,,,,,,,,,,,,93.2087155602823,,,,,,,,,,,96.6865,,,,,,,97.88452
Gambia,,,,,,,,,,,,,,,,,,,,,,,,,,52.5550167847818,,,,,,,,,,,68.07224
Georgia,,,,,,,,,,,,,,,,,,,,,,,,,,,,99.8254156786947,,,,,,,,,99.80466
Germany,,,,,,,,,,,,,,,,,,,,,,,,,,,,,,,,,,,,,
Ghana,,,,,,,,,,,,,,,,,,,,,,,,,,70.6630625904523,,,,,,,,,,85.7161476280435,
Gibraltar,,,,,,,,,,,,,,,,,,,,,,,,,,,,,,,,,,,,,
Greece,,,,,,,98.9670513967794,,,,,,,,,,98.9839877030104,,,,,,,,,,98.9405348362007,,,,,,,,,,99.35194
Grenada,,,,,,,,,,,,,,,,,,,,,,,,,,,,,,,,,,,,,
Guatemala,,,,,,,,,,,,,,,,,,,,75.9882058039014,,,,,,,,82.2202623281839,,,,,,,,,87.42774
Guinea,,,,,,,,,,,,,,,,,,,,,,27.7163872166815,,,,,,,47.0912599944858,,,,,,,31.4064168842036,
Guinea-Bissau,,,,,36.4014161551085,,,,,,,,,,,,,,,,,,,,,59.4928478543563,,,,,,,,,,,73.16962
Guyana,,,,,,,,,,,,,,,,,,,,,,,,,,,,,,,,,,,93.0989418991123,,
Haiti,,,,,,,,51.1530166740138,,,,,,,,,,,,,,,,,,,,,81.6163278219897,,,72.3467183177461,,,,,
Holy See,,,,,,,,,,,,,,,,,,,,,,,,,,,,,,,,,,,,,
Honduras,,,,,,,,,,,,,,,,,,,,,,,,,,,88.9427218082088,,,,,,93.9243056645222,,,95.150691290813,95.925002767396
"Hong Kong, China",,,,,,,,,,,,,,,,,,,,,,,,,,,,,,,,,,,,,
Hungary,,,,,,99.3711456293972,,,,,,,,,,,,,,99.14697,,,,,,,,,,99.00204,,,,,,,98.89637
Iceland,,,,,,,,,,,,,,,,,,,,,,,,,,,,,,,,,,,,,
India,,,,,,,53.7845743538077,,,,,,,,,,61.9002821833622,,,,,,,,,,76.4257038563771,,,,,81.1308596896311,,,,,
Indonesia,,,,,,85.4370916629317,,,,,,,,,,96.2075579983999,,,,,,,,,,,,,,98.705455203391,,96.6510403309911,,99.4601054391532,99.4737438602005,,98.7780012405868
Iran,,56.4538626871062,,,,,,,,,,75.2049029594146,,,,,86.9742647031619,,,,,93.0283046111421,,,,,,,,,97.4315253937842,96.6437092232051,,98.6556960536641,,,
Iraq,,,,,,,,,,,,,,,,,,,,,,,,,,84.7968034304649,,,,,,,,,,,82.36149
Ireland,,,,,,,,,,,,,,,,,,,,,,,,,,,,,,,,,,,,,
Israel,,,,,,,,,98.5628617924844,,,,,,,,,,,,,,,,,,,,,,,,,,,,
Italy,,,,,,,99.6433812112087,,,,,,,,,,,,,,,,,,,,99.8121315051286,,,,,,,,,,99.91185
Jamaica,,,,,,,,,,,,,,,,,,,,,,,,,91.6034103802023,,,,,,,,,,,,95.63591
Japan,,,,,,,,,,,,,,,,,,,,,,,,,,,,,,,,,,,,,
Jordan,,,,,90.5084859531272,,,,,,,,,,,,,,,,,,,,,,,,99.132588141204,,98.9753874997275,,98.9493433395872,,,98.7623532039233,99.1486845161199
Kazakhstan,,,,,,,,,,,,,,,99.7257180371388,,,,,,,,,,99.8451345550666,,,,,,,,,,99.8345124020463,,
Kenya,,,,,,,,,,,,,,,,,,,,,,,,,,92.5281758731042,,,,,,,82.3904723149426,,,,
Kiribati,,,,,,,,,,,,,,,,,,,,,,,,,,,,,,,,,,,,,
"Korea, Dem. Rep.",,,,,,,,,,,,,,,,,,,,,,,,,,,,,,,,,,99.999691813171,,,
"Korea, Rep.",,,,,,,,,,,,,,,,,,,,,,,,,,,,,,,,,,,,,
Kuwait,72.2221588641159,,,,,78.9754365269535,,,,,87.4560602757643,,,,,,,,,,92.0430628095037,,,,,,,,,,99.7333641671966,98.5121665356158,98.4472286258394,98.6433509456829,,,
Kyrgyzstan,,,,,,,,,,,,,,,,,,,,,,,,,99.6956270342964,,,,,,,,,,99.7518502175295,,
Laos,,,,,,,,,,,,,,,,,,,,,71.133633313126,,,,,80.5985552115583,78.4579851345922,,,,83.9310628385829,,,,,,
Latvia,,,,,,,,,,,,,,,99.7844110526529,,,,,,,,,,,99.7502643968622,,,,,,,,,,,99.6924
Lebanon,,,,,,,,,,,,,,,,,,,,,,,,,,,,,,,,,98.714788854215,,,,
Lesotho,,,,,,,,,,,,,,,,,,,,,,,,,,90.9269027882442,,,,,,,,,83.1944104323841,,
Liberia,,,,,,,,,,47.6337935894082,,,,,,,,,,60.00279,,,,,,,,,,71.21303,,,49.0741093023888,,,,
Libya,,,,,,,,,,89.3379006378114,,,,,,,,,,97.8987,,,,,,,,,,99.63547,,,,,,,99.89821
Liechtenstein,,,,,,,,,,,,,,,,,,,,,,,,,,,,,,,,,,,,,
Lithuania,,,,,,,,,,,,,,,99.6737601816092,,,,,,,,,,,,99.7016664490272,,,,,,,,,,99.77527
Luxembourg,,,,,,,,,,,,,,,,,,,,,,,,,,,,,,,,,,,,,
"Macao, China",,,,,,,94.7031183255019,,,,,,,,,,,,,,,,,,,,99.6335417115758,,,,,99.6442428606743,,,,,99.6729026199445
"Macedonia, FYR",,,,,,,,,,,,,,,,,,,,98.8611650860239,,,,,,,,98.7426955068776,,,,,,,,,98.67001
Madagascar,,,,,,,,,,,,,,,,,,,,,,,,,,70.2362204724409,,,,,,,,,64.9402486686136,,
Malawi,,,,,,,,,,,,,59.0176852722158,,,,,,,,,,,76.0075007402046,,,,,,,,,,,,72.1395643813808,
Malaysia,,,,,,87.9686351384465,,,,,,,,,,,95.5638811137976,,,,,,,,,97.2378015153939,,,,,,,,,,98.4187138102841,
Maldives,,,85.608975511525,,,,,,,,95.5361859482303,,,,,98.1996171460418,,,,,98.1701231008096,,,,,98.1701231008096,,,,,,99.3010066054189,,,,,
Mali,,19.6462275909716,,,,,,,,,,,,,,,,,,,,,,24.1866656742311,,,,,,,,38.8161205716805,,,,44.3017093410288,46.8878959668921
Malta,,,,,,,,,,,98.2137509927222,,,,,,,,,,96.0322749130991,,,,,,,,,,98.2650303791804,,,,,,
Marshall Islands,,,,,,,,,,,,,,,,,,,,,,,,,,,,,,,,,,,,,
Mauritania,,,,,,,,,,,,,,,,,,,,,,,,,,61.336645972944,,,,,,,,,,,68.95474
Mauritius,,,,,,,,,,,,,,,,91.1919926295339,,,,,,,,,,94.5389629964579,,,,,,,,,,,96.79975
Mexico,,,,,,91.9471965451472,,,,,,,,,,95.4182432119444,,,,,,,,,,96.6122788568952,,97.6045834329082,,97.5644405087615,97.6358426756218,97.8956591602578,98.1560897814403,98.3823025300584,98.524660888921,98.4345190665441,98.4617725213916
"Micronesia, Fed. Sts.",,,,,,,,,,,,,,,,,,,,,,,,,,,,,,,,,,,,,
Moldova,,,,,,,,,,,,,,,99.7293479877855,,,,,,,,,,,99.5250759878419,,,,,,,,,,,100
Monaco,,,,,,,,,,,,,,,,,,,,,,,,,,,,,,,,,,,,,
Mongolia,,,,,,,,,,,,,,,,,,,,,,,,,,97.7101194328293,,,,,,,,,,,95.6741
Montenegro,,,,,,,,,,,,,,,,,,,,,,,,,,,,,,,,,,,,,99.3173
Montserrat,,,,,,,,,,,,,,,,,,,,,,,,,,,,,,,,,,,,,
Morocco,,,,,,,,44.137939192272,,,,,,,,,,,,58.4348880844531,,,,,,,,,,70.4575928484324,,,,77.8629626360387,79.4736916803073,,81.5100678554521
Mozambique,,,,,,43.644363800414,,,,,,,,,,,,,,,,,46.9699998649696,,,,,,61.8928891991623,,,,,,67.149637302153,,
Myanmar,,,,,,,,,84.8970749352121,,,,,,,,,,,,,,,,,94.5863125638407,,,,,,,,,,,96.0959
Namibia,,,,,,,,,,,,,,,,,88.1124310893703,,,,,,,,,,92.3367141157737,,,,,,87.0954120880056,,,,
Nauru,,,,,,,,,,,,,,,,,,,,,,,,,,,,,,,,,,,,,
Nepal,,,,,,,30.0384482708788,,,,,,,,,,49.6037178385302,,,,,,,,,,70.0536225833686,,,,,,,,,,82.3536867421417
Netherlands,,,,,,,,,,,,,,,,,,,,,,,,,,,,,,,,,,,,,
Netherlands Antilles,,,,,,,,,,,,,,,,,,96.980579477703,,,,,,,,,,,,,,,,,,,98.47365
New Zealand,,,,,,,,,,,,,,,,,,,,,,,,,,,,,,,,,,,,,
Nicaragua,,,,,,,,,,,,,,,,,,,,,,,,,,,86.2225183945626,,,,87.00925049166,,,,,,
Niger,,,,,,,,,,,,,,,,,,,,,,,,,,,14.0018427501947,,,,36.5467791862567,,,,,,
Nigeria,,,,,,,,,,,,,,,,,71.1890641685793,,,,,,,,,,,,68.9937775079678,,,,,66.3835449412035,,,
Niue,,,,,,,,,,,,,,,,,,,,,,,,,,,,,,,,,,,,,
Norway,,,,,,,,,,,,,,,,,,,,,,,,,,,,,,,,,,,,,
Oman,,,,,,,,,,,,,,,,,,,,,,,,,,,,,97.2813300267647,,,,,97.6298215406401,,97.7437254949208,
Pakistan,,,,,,,34.783350746299,,,,,,,,,,,,,,,,,55.330521521943,,,,,,,65.0865814301232,69.1657992565056,,71.1129099958026,70.6762715022046,,
Palau,,,,,,94.2757785331927,,,,,,,,,,,,,,,,,,,,,,,,,,,,,,,
Panama,,,,,,96.1061987790721,,,,,,,,,,95.0867787809101,,,,,,,,,,96.0798491952245,,,,,,,,,,97.6385310289283,
Papua New Guinea,,,,,,,,,,,,,,,,,,,,,,,,,,66.6789939337754,,,,,,,,,,,70.79891
Paraguay,,,,,,,,89.5878591613543,,,,,,,,,,95.6073391213865,,,,,,,,,,,,,,,98.7944612700758,97.9642372203163,98.4972896711634,98.6104486219914,
Peru,,,,,,,93.1198008287995,,,,,,,,,,,,95.3666310589636,,,,,,,,,,,96.7556253939089,97.1237598531369,97.7571257817096,97.3562161689607,,,,
Philippines,,,,,,91.7889868323156,,,,,,,,,,96.5780818659009,,,,,,,,,,95.0897481552929,,,95.0572108962072,,,,,97.7507983624308,,,
Poland,,,,99.7968306853758,,,,,,,,,,,,,,,,99.9992,,,,,,,,,,99.99986,,,,,,,99.99996
Portugal,,,,,,,97.9413522482908,,,,,,,,,,99.1994852458467,,,,,,,,,,,,,,,,,,,,99.74676
Puerto Rico,,,,,,93.7458602193863,,,,,,,,,,93.1668794550875,,,,,,,,,,,,,,88.69695,,,,,,,86.57244
Qatar,,,,,,,,,,,,89.542933777955,,,,,,,,,,,94.7907504610583,,,,,,,95.9207138505081,,,99.0601028407654,95.6869881710646,97.7592538303683,96.8201602395276,
Romania,,,,,,,,,,,,,,,,,,99.1074620278676,,,,,,,,,,97.7614877846788,,,,,,,,,97.19549
Russia,,,,,,,,,,,,,,,99.7196019651138,,,,,,,,,,,,,99.7246002807081,,,,,,,,99.7096024542062,
Rwanda,,,,52.2619273811558,,,,,,,,,,,,,74.8965415883477,,,,,,,,,77.6203328834908,,,,,,,,,,77.3446267252366,
Saint Kitts and Nevis,,,,,,,,,,,,,,,,,,,,,,,,,,,,,,,,,,,,,
Saint Lucia,,,,,,,,,,,,,,,,,,,,,,,,,,,,,,,,,,,,,
Saint Vincent and the Grenadines,,,,,,,,,,,,,,,,,,,,,,,,,,,,,,,,,,,,,
Samoa,,,,,,,,,,,,,,,,,99.0444444444445,,,,,,,,,,,,,99.38201,,,,,,,99.51053
San Marino,,,,,,,,,,,,,,,,,,,,,,,,,,,,,,,,,,,,,
Sao Tome and Principe,,,,,,,82.3992187076122,,,,,,,,,,93.8499602368119,,,,,,,,,,95.415463788126,,,,,,,80.2031597275156,,,
Saudi Arabia,,,,,,,,,,,,,,,,,,87.855607533538,,,,,,,,95.9131588190058,,,,95.8496913033027,,,,,,,98.02018
Senegal,,,,,,,,,,,,,,37.8661034038591,,,,,,,,,,,,,,49.1244901203781,,,,50.8516566084705,,,65.0149057851648,,
Serbia,,,,,,,,,,,,,,,,,,,,,,,,,,,,,,,,,,,,,99.27081
Seychelles,,,,,,,,,,,,,97.6499861763893,,,,,,,98.8133140376266,,,,,,,,99.0647731208867,,,,,,,,,99.06477312
Sierra Leone,,,,,,,,,,,,,,,,,,,,,,,,,,,,,,47.927608406231,,,,,,,61.04269
Singapore,,,,,,96.2881160771197,,,,,,,,,,98.9667021532182,,,,,,,,,,99.5045991128812,,,,,,,,,,99.7518247890803,
Slovak Republic,,,,,,,,,,,,,,,,,,,,,,,,,,,,,,,,,,,,,
Slovenia,,,,,,,,,,,,,,,,,99.7577366573204,,,,,,,,,,,,,99.82697,,,,,,,99.85048
Solomon Islands,,,,,,,,,,,,,,,,,,,,,,,,,,,,,,,,,,,,,
Somalia,,,,,,,,,,,,,,,,,,,,,,,,,,,,,,,,,,,,,
South Africa,,,,,,85.1658534305842,,,,,,,,,,,,,,,,93.9051499112136,,,,,,,,,,,97.5707750553158,,,,98.782572970337
Spain,,,,,,,98.6419491992938,,,,,,,,,,99.5545611579448,,,,,,,,,,,,,,99.5377947505607,,99.5693367786391,99.5643081212966,99.5990019604349,99.5946317332356,
Sri Lanka,,,,,,,91.0433435048648,,,,,,,,,,,,,,,,,,,,95.5886326947921,,,,,97.4840636672306,,97.9818022463709,,98.157925300301,
Sudan,,,,,,,,,,,,,,,,,,,,,,,,,,78.155587876882,,,,,,,,,,,87.28701
Suriname,,,,,,,,,,,,,,,,,,,,,,,,,,,,,,94.8811406212312,,,,99.4164189199818,,98.3766429518871,
Swaziland,,75.4524423585668,,,,,,,,,,83.7482365060052,,,,,,,,,,,,,,91.8632446547165,,,,,,,,,,,93.73971
Sweden,,,,,,,,,,,,,,,,,,,,,,,,,,,,,,,,,,,,,
Switzerland,,,,,,,,,,,,,,,,,,,,,,,,,,,,,,,,,,,,,
Syria,,,,,,,74.2764032870342,,,,,,,,,,,,,,,,,,,,,95.1888321564028,,92.4538117925048,,,,,,,95.28453
Tajikistan,,,,,,,,,,,,,,,99.7035807805538,,,,,,,,,,,99.8470626644326,,,,,,,,,,,99.8686
Tanzania,,,,,,,,,,,,,,81.7533027790549,,,,,,,,,,,,,,78.3960480541156,,,,,,,,74.560520505155,
Thailand,,,,,,96.8673494747551,,,,,,,,,,,,,,,,,,,,97.9753862943801,,,,,98.0509140825685,,,,,,
Timor-Leste,,,,,,,,,,,,,,,,,,,,,,,,,,,,,,,,,,,,79.5286835307306,
Togo,,,,,,,,,,,,,,,,,,,,,,,,,,74.4395711500975,,,,,,76.4529369709878,,,81.7359870985238,,79.8859071338326
Tokelau,,,,,,,,,,,,,,,,,,,,,,,,,,,,,,,,,,,,,
Tonga,,99.8192735964554,,,,,,,,,,,,,,,,,,,,99.3087438741295,,,,,,,,,,99.4247560349255,,,,,
Trinidad and Tobago,,,,,,99.2194022374353,,,,,,,,,,99.3,,,,,,,,,,,,,,99.49171,,,,,,,99.56772
Tunisia,,,,,,,,,,74.2841222598225,,,,,,,,,,82.79433,,,,,,,,,,94.3389830508475,,,96.2996889554813,96.7942572891026,,97.1717231520919,
Turkey,80.0549223540323,,,,,84.6910792439033,,,,,90.9014242731336,,,,,92.543660131031,,,,,,,,,,,,,,95.6034975892784,96.1185546082014,96.181502603521,96.3623458433147,,97.8074689035658,98.224585353982,98.7093536513041
Turkmenistan,,,,,,,,,,,,,,,,,,,,,99.8104199175536,,,,,,,,,,,,,,,,99.83161
Turks and Caicos Islands,,,,,,,,,,,,,,,,,,,,,,,,,,,,,,,,,,,,,
Tuvalu,,,,,,,,,,,,,,,,,,,,,,,,,,,,,,,,,,,,,
Uganda,,,,,,,,,,,,,,,,,69.8007872359605,,,,,,,,,,,80.7911568688169,,,,84.0656479493164,,,,87.4088289410488,
Ukraine,,,,,,,,,,,,,,,,,,,,,,,,,,,99.8048551526765,,,,,,,,,,99.77537
United Arab Emirates,63.0476056536109,,,,,,,,,,82.4726355301172,,,,,,,,,,,,,,,,,,,,95.0064510896258,,,,,,
United Kingdom,,,,,,,,,,,,,,,,,,,,,,,,,,,,,,,,,,,,,
United States,,,,,,,,,,,,,,,,,,,,,,,,,,,,,,,,,,,,,
Uruguay,98.2962289868242,,,,,,,,,,98.6286123233902,,,,,,,,,,,98.5802398222131,,,,,,,,,,98.7125202019542,98.7591424673096,98.9681422328902,99.0494296577947,98.7841945288754,
Uzbekistan,,,,,,,,,,,,,,,,,,,,,,,,,,99.8743493089212,,,,,,,,,,,99.93913
Vanuatu,,,,,71.8295964125561,,,,,,,,,,,,,,,86.25324,,,,,,,,,,91.99186,,,,,,,94.60022
Venezuela,,,,,,,93.1117599701229,,,,,,,,,95.4390299833423,,,,,,,,,,,97.1993357153641,,,,,,98.3987803661009,,98.5332980225856,,
West Bank and Gaza,,,,,,,,,,,,,,,,,,,,,,,97.0465437797081,,,,,,,98.9418192957335,,99.0913816815493,99.0620569758227,99.1502199743742,99.2332559583828,99.2420374215656,99.3123215450296
Vietnam,,,,,95.025122616889,,,,,,,,,,93.7342554801714,,,,,,,,,,93.8823345285985,94.83651427726,,,,,,,,,,,97.07264
"Yemen, Rep.",,,,,,,,,,,,,,,,,,,,60.2221437230224,,,,,,,,,,76.9273,,,,,,,86.36829
Zambia,,,,,,,,,,,,,,,,66.3811556561319,,,,,,,,,69.457222110978,,,69.0888119953864,,,,,64.0496372275951,,,,
Zimbabwe,,,,,,,,89.0218547363365,,,,,,,,,,95.4113581173611,,,,,,,,,,,,,,,,,,,90.930701865719
Abkhazia,,,,,,,,,,,,,,,,,,,,,,,,,,,,,,,,,,,,,
Akrotiri and Dhekelia,,,,,,,,,,,,,,,,,,,,,,,,,,,,,,,,,,,,,
American Samoa,,,,,,,,,,,,,,,,,,,,,,,,,,,,,,,,,,,,,
Channel Islands,,,,,,,,,,,,,,,,,,,,,,,,,,,,,,,,,,,,,
Christmas Island,,,,,,,,,,,,,,,,,,,,,,,,,,,,,,,,,,,,,
Cocos Island,,,,,,,,,,,,,,,,,,,,,,,,,,,,,,,,,,,,,
Czechoslovakia,,,,,,,,,,,,,,,,,,,,,,,,,,,,,,,,,,,,,
East Germany,,,,,,,,,,,,,,,,,,,,,,,,,,,,,,,,,,,,,
Eritrea and Ethiopia,,,,,,,,,,,,,,,,,,,,,,,,,,,,,,,,,,,,,
Faeroe Islands,,,,,,,,,,,,,,,,,,,,,,,,,,,,,,,,,,,,,
Falkland Islands (Malvinas),,,,,,,,,,,,,,,,,,,,,,,,,,,,,,,,,,,,,
French Guiana,,,,,,,,,,,,,,,,,,,,,,,,,,,,,,,,,,,,,
French Polynesia,,,,,,,,,,,,,,,,,,,,,,,,,,,,,,,,,,,,,
Greenland,,,,,,,,,,,,,,,,,,,,,,,,,,,,,,,,,,,,,
Guadeloupe,,,,,,,,,,,,,,,,,,,,,,,,,,,,,,,,,,,,,
Guam,,,,,,,,,,,,,,,,,,,,,,,,,,,,,,,,,,,,,
Guernsey,,,,,,,,,,,,,,,,,,,,,,,,,,,,,,,,,,,,,
Isle of Man,,,,,,,,,,,,,,,,,,,,,,,,,,,,,,,,,,,,,
Jersey,,,,,,,,,,,,,,,,,,,,,,,,,,,,,,,,,,,,,
"Korea, United",,,,,,,,,,,,,,,,,,,,,,,,,,,,,,,,,,,,,
Kosovo,,,,,,,,,,,,,,,,,,,,,,,,,,,,,,,,,,,,,
Martinique,,,,,,,,,,,,,,,,,,,,,,,,,,,,,,,,,,,,,
Mayotte,,,,,,,,,,,,,,,,,,,,,,,,,,,,,,,,,,,,,
New Caledonia,,,,,,,,,,,,,,,,,,,,,,,,,,,,,,,,,,,,,
Ngorno-Karabakh,,,,,,,,,,,,,,,,,,,,,,,,,,,,,,,,,,,,,
Norfolk Island,,,,,,,,,,,,,,,,,,,,,,,,,,,,,,,,,,,,,
Northern Cyprus,,,,,,,,,,,,,,,,,,,,,,,,,,,,,,,,,,,,,
Northern Mariana Islands,,,,,,,,,,,,,,,,,,,,,,,,,,,,,,,,,,,,,
Pitcairn,,,,,,,,,,,,,,,,,,,,,,,,,,,,,,,,,,,,,
Reunion,,,,,,,,,,,,,,,,,,,,,,,,,,,,,,,,,,,,,
Saint Barthélemy,,,,,,,,,,,,,,,,,,,,,,,,,,,,,,,,,,,,,
Saint Helena,,,,,,,,,,,,,,,,,,,,,,,,,,,,,,,,,,,,,
Saint Martin,,,,,,,,,,,,,,,,,,,,,,,,,,,,,,,,,,,,,
Saint-Pierre-et-Miquelon,,,,,,,,,,,,,,,,,,,,,,,,,,,,,,,,,,,,,
Serbia and Montenegro,,,,,,,,,,,,,,,,,,,,,,,,,,,,,,,,,,,,,
Serbia excluding Kosovo,,,,,,,,,,,,,,,,,,,,,,,,,,,,,,,,,,,,,
Somaliland,,,,,,,,,,,,,,,,,,,,,,,,,,,,,,,,,,,,,
South Ossetia,,,,,,,,,,,,,,,,,,,,,,,,,,,,,,,,,,,,,
South Sudan,,,,,,,,,,,,,,,,,,,,,,,,,,,,,,,,,,,,,
Svalbard,,,,,,,,,,,,,,,,,,,,,,,,,,,,,,,,,,,,,
Taiwan,,,,,,,,,,,,,,,,,,,,,,,,,,,,,,,,,,,,,
Transnistria,,,,,,,,,,,,,,,,,,,,,,,,,,,,,,,,,,,,,
USSR,,,,,,,,,,,,,,,,,,,,,,,,,,,,,,,,,,,,,
Wallis et Futuna,,,,,,,,,,,,,,,,,,,,,,,,,,,,,,,,,,,,,
West Germany,,,,,,,,,,,,,,,,,,,,,,,,,,,,,,,,,,,,,
Western Sahara,,,,,,,,,,,,,,,,,,,,,,,,,,,,,,,,,,,,,
Virgin Islands (U.S.),,,,,,,,,,,,,,,,,,,,,,,,,,,,,,,,,,,,,
Yemen Arab Republic (Former),,,,,,,,,,,,,,,,,,,,,,,,,,,,,,,,,,,,,
Yemen Democratic (Former),,,,,,,,,,,,,,,,,,,,,,,,,,,,,,,,,,,,,
Yugoslavia,,,,,,,,,,,,,,,,,,,,,,,,,,,,,,,,,,,,,
Åland,,,,,,,,,,,,,,,,,,,,,,,,,,,,,,,,,,,,,