Ratio of young literate females to males (% ages 15-24),1960,1961,1962,1963,1964,1965,1966,1967,1968,1969,1970,1971,1972,1973,1974,1975,1976,1977,1978,1979,1980,1981,1982,1983,1984,1985,1986,1987,1988,1989,1990,1991,1992,1993,1994,1995,1996,1997,1998,1999,2000,2001,2002,2003,2004,2005,2006,2007,2008,2009,2010,2011
Afghanistan,,,,,,,,,,,,,,,,,,,,24.3313697212928,,,,,,,,,,,,,,,,,,,,,,,,,,,,,,,,
Albania,,,,,,,,,,,,,,,,,,,,,,,,,,,,,,,,,,,,,,,,,,100.13045014053,,,,,,,100.592869549713,,,
Algeria,,,,,,,,,,,,,,,,,,,,,,,,,,,,72.1459083145343,,,,,,,,,,,,,,,91.5758483155964,,,,94.444630104853,,,,,
American Samoa,,,,,,,,,,,,,,,,,,,,,,,,,,,,,,,,,,,,,,,,,,,,,,,,,,,,
Andorra,,,,,,,,,,,,,,,,,,,,,,,,,,,,,,,,,,,,,,,,,,,,,,,,,,,,
Angola,,,,,,,,,,,,,,,,,,,,,,,,,,,,,,,,,,,,,,,,,,75.4353585940222,,,,,,,,81.0657819809996,,
Antigua and Barbuda,,,,,,,,,,,,,,,,,,,,,,,,,,,,,,,,,,,,,,,,,,,,,,,,,101.036585365854,,,
Argentina,,,,,,,,,,,,,,,,,,,,,100.874214763687,,,,,,,,,,,100.484082938999,,,,,,,,,,100.42526961181,,,,,,,,100.382051432822,,
Armenia,,,,,,,,,,,,,,,,,,,,,,,,,,,,,,100.001205761935,,,,,,,,,,,,100.10959572454,,,,,,,,100.124658640532,,
Aruba,,,,,,,,,,,,,,,,,,,,,,,,,,,,,,,,,,,,,,,,,100.287829828956,,,,,,,,,100.208890351605,,
Australia,,,,,,,,,,,,,,,,,,,,,,,,,,,,,,,,,,,,,,,,,,,,,,,,,,,,
Austria,,,,,,,,,,,,,,,,,,,,,,,,,,,,,,,,,,,,,,,,,,,,,,,,,,,,
Azerbaijan,,,,,,,,,,,,,,,,,,,,,,,,,,,,,,,,,,,,,,,,100.031196461377,,,,,,,,100,,,,
Bahamas,,,,,,,,,,,,,,,,,,,,,,,,,,,,,,,,,,,,,,,,,,,,,,,,,,,,
Bahrain,,,,,,,,,,,,,,,,,,,,,,91.511954933101,,,,,,,,,,99.3009413719491,,,,,,,,,,100.437410087646,,,,,,,,99.9705605516789,,
Bangladesh,,,,,,,,,,,,,,,,,,,,,,61.2030830937161,,,,,,,,,,73.4289585389777,,,,,,,,,,89.7153230338568,,,,,,,,103.66035199475,,
Barbados,,,,,,,,,,,,,,,,,,,,,,,,,,,,,,,,,,,,,,,,,,,,,,,,,,,,
Belarus,,,,,,,,,,,,,,,,,,,,,,,,,,,,,,100.068750978928,,,,,,,,,,100.071509115869,,,,,,,,,,100.112905729582,,
Belgium,,,,,,,,,,,,,,,,,,,,,,,,,,,,,,,,,,,,,,,,,,,,,,,,,,,,
Belize,,,,,,,,,,,,,,,,,,,,,,,,,,,,,,,,100.743126905195,,,,,,,,,,,,,,,,,,,,
Benin,,,,,,,,,,,,,,,,,,,,39.9363968982308,,,,,,,,,,,,,48.413178461265,,,,,,,,,,56.1404560068957,,,,,,,66.8733322760389,,
Bermuda,,,,,,,,,,,,,,,,,,,,,,,,,,,,,,,,,,,,,,,,,,,,,,,,,,,,
Bhutan,,,,,,,,,,,,,,,,,,,,,,,,,,,,,,,,,,,,,,,,,,,,,,84.9108277849608,,,,,,
Bolivia,,,,,,,,,,,,,,,,,82.9142709906619,,,,,,,,,,,,,,,,95.0659220446548,,,,,,,,,97.5294881893302,,,,,,99.3894652376122,99.4860485583627,,,
Bosnia and Herzegovina,,,,,,,,,,,,,,,,,,,,,,,,,,,,,,,,,,,,,,,,,100.095667284196,,,,,,,,,100.023377207133,,
Botswana,,,,,,,,,,,,,,,,,,,,,,,,,,,,,,,,107.394416072136,,,,,,,,,,,,103.81471315754,,,,,,103.209908523347,,
Brazil,,,,,,,,,,,,,,,,,,,,,103.245991426704,,,,,,,,,,,,,,,,,,,,103.308006854593,,,,102.213278159192,,101.61642825944,101.548116077013,101.389832369238,,,
Brunei,,,,,,,,,,,,,,,,,,,,,,99.1225275403428,,,,,,,,,,99.9764418649477,,,,,,,,,,100.038299809332,,,,,,,,99.9243319203478,,
Bulgaria,,,,,,,,,,,,,,,,,,,,,,,,,,,,,,,,,,,,,,,,,,99.7966621349776,,,,,,,,99.8857417844293,,
Burkina Faso,,,,,,,,,,,,,,,,29.7806636579294,,,,,,,,,,,,,,,,52.9092194364124,,,,,54.8912739880604,,,,,,,64.6447853035028,,65.5845107307881,,70.8809600769786,,,,
Burundi,,,,,,,,,,,,,,,,,,,,52.4940499627895,,,,,,,,,,,80.6941240157577,,,,,,,,,,91.6453208197671,,,,,,,,,99.1692548885794,,
Cambodia,,,,,,,,,,,,,,,,,,,,,,,,,,,,,,,,,,,,,,,86.8354533541044,,,,,,89.736013799159,,,,95.6937163226138,,,
Cameroon,,,,,,,,,,,,,,,,,74.2077605269177,,,,,,,,,,,,,,,,,,,,,,,,88.1704714565551,,,,,,,86.6521757494679,,,,
Canada,,,,,,,,,,,,,,,,,,,,,,,,,,,,,,,,,,,,,,,,,,,,,,,,,,,,
Cape Verde,,,,,,,,,,,,,,,,,,,,,,,,,,,,,,,96.0712385748738,,,,,,,,,,,,,,101.765316718588,,,,,101.707905067853,,
Cayman Islands,,,,,,,,,,,,,,,,,,,,,,,,,,,,,,,,,,,,,,,,,,,,,,,,99.4765245977092,,,,
Central African Rep.,,,,,,,,,,,,,,,,33.2856872604548,,,,,,,,,,,,,55.7080275630782,,,,,,,,,,,,66.6382836958971,,,,,,,,,79.3587298157252,,
Chad,,,,,,,,,,,,,,,,,,,,,,,,,,,,,,,,,,34.0842856288313,,,,,,,41.7256058069561,,,,57.300169663347,,,,,72.8152107010363,,
Channel Islands,,,,,,,,,,,,,,,,,,,,,,,,,,,,,,,,,,,,,,,,,,,,,,,,,,,,
Chile,,,,,,,,,,,,,,,,,,,,,,,100.971395128083,,,,,,,,,,100.55463845773,,,,,,,,,,100.384297532829,,,,,,100.08201919915,,,
China,,,,,,,,,,,,,,,,,,,,,,,86.2309433523492,,,,,,,,94.3056246469048,,,,,,,,,,99.30079880251,,,,,,,,,99.8044660131507,,
Colombia,,,,,,,,,,,,,,,,,,,,,,,,,,,,,,,,,,102.76247731381,,,101.225937445746,,,,,,,,100.879681145179,100.87968457743,100.677966546428,100.96029175221,100.902345104743,101.019682595921,,
Comoros,,,,,,,,,,,,,,,,,,,,,79.1534527411796,,,,,,,,,,,,,,,,,,,,92.3840276923524,,,,,,,,,98.7323784438954,,
"Congo, Dem. Rep.",,,,,,,,,,,,,,,,,,,,,,,,,,,,,,,,,,,,,,,,,,80.900852130126,,,,,,,,84.7455725916479,,
"Congo, Rep.",,,,,,,,,,,,,,,,,,,,,,,,,,,,,,,,,,,,,,,,,,,,,,89.8973633008857,,,,,,
Costa Rica,,,,,,,,,,,,,,,,,,,,,,,,,100.809889438672,,,,,,,,,,,,,,,,100.865161583749,,,,,,,,,100.871359955805,,
Cote d'Ivoire,,,,,,,,,,,,,,,,,,,,,,,,,,,,,63.1478764948281,,,,,,,,,,73.2477986221468,,73.5949419050318,,,,,,,,,84.5523781076562,,
Croatia,,,,,,,,,,,,,,,,,,,,,,,,,,,,,,,,99.9380138662476,,,,,,,,,,100.008981072169,97.4304971050054,97.4304971050054,97.4304971050054,,,,,100.03683610203,,
Cuba,,,,,,,,,,,,,,,,,,,,,,,,,,,,,,,,,,,,,,,,,,,99.9962836889371,,,,,,,99.9974196575886,,
Cyprus,,,,,,,,,,,,,,,,,,,,,,,,,,,,,,,,,100.084643827772,,,,,,,,,100.079142870939,,,,,,,,100.060490875442,,
Czech Rep.,,,,,,,,,,,,,,,,,,,,,,,,,,,,,,,,,,,,,,,,,,,,,,,,,,,,
Denmark,,,,,,,,,,,,,,,,,,,,,,,,,,,,,,,,,,,,,,,,,,,,,,,,,,,,
Djibouti,,,,,,,,,,,,,,,,,,,,,,,,,,,,,,,,,,,,,,,,,,,,,,,,,,,,
Dominica,,,,,,,,,,,,,,,,,,,,,,,,,,,,,,,,,,,,,,,,,,,,,,,,,,,,
Dominican Rep.,,,,,,,,,,,,,,,,,,,,,,103.299665690245,,,,,,,,,,,,,,,,,,,,,102.600477948877,,,,,102.434311026206,,,,
Ecuador,,,,,,,,,,,,,,,,,,,,,,,97.5930598988814,,,,,,,,99.2311535033554,,,,,,,,,,,100.118343563227,,,,,,100.431246606068,,100.027377059745,,
Egypt,,,,,,,,,,,,,,,,,60.4730830670646,,,,,,,,,,75.6572523628685,,,,,,,,,,84.733255767117,,,,,,,,,87.6451674540223,93.05079942189,,,,,
El Salvador,,,,,,,,,,,,,,,,,,,,,,,,,,,,,,,,,100.003105429221,,,,,,,,,,,,,,101.119182190376,100.719018736399,101.13023353049,100.649907076105,,
Equatorial Guinea,,,,,,,,,,,,,,,,,,,,,,,,,,,,,,,,,,,,,,,,,100.154260749263,,,,,,,,,100.52238200049,,
Eritrea,,,,,,,,,,,,,,,,,,,,,,,,,,,,,,,,,,,,,,,,,,,80.5574516071344,,,,,,,93.6374093958032,,
Estonia,,,,,,,,,,,,,,,,,,,,,,,,,,,,,,100.07060032692,,,,,,,,,,,100.084487930027,,,,,,,,,100.09768798094,,
Ethiopia,,,,,,,,,,,,,,,,,,,,,,,,,,,,,,,,,,,71.4714037137141,,,,,,,,,,61.8971061093248,,,,59.5864919990139,,,
Faeroe Islands,,,,,,,,,,,,,,,,,,,,,,,,,,,,,,,,,,,,,,,,,,,,,,,,,,,,
Fiji,,,,,,,,,,,,,,,,,,,,,,,,,,,,,,,,,,,,,,,,,,,,,,,,,,,,
Finland,,,,,,,,,,,,,,,,,,,,,,,,,,,,,,,,,,,,,,,,,,,,,,,,,,,,
France,,,,,,,,,,,,,,,,,,,,,,,,,,,,,,,,,,,,,,,,,,,,,,,,,,,,
French Polynesia,,,,,,,,,,,,,,,,,,,,,,,,,,,,,,,,,,,,,,,,,,,,,,,,,,,,
Gabon,,,,,,,,,,,,,,,,,,,,,,,,,,,,,,,,,,97.5706056151474,,,,,,,,,,,97.7505112474438,,,,,98.0400826603919,,
Gambia,,,,,,,,,,,,,,,,,,,,,,,,,,,,,,,,,,,,,,,,,64.3363689006532,,,,,,,,,84.5088877933438,,
Georgia,,,,,,,,,,,,,,,,,,,,,,,,,,,,,,,,,,,,,,,,,,,100.074035607096,,,,,,,100.093571324253,,
Germany,,,,,,,,,,,,,,,,,,,,,,,,,,,,,,,,,,,,,,,,,,,,,,,,,,,,
Ghana,,,,,,,,,,,,,,,,,,,,,,,,,,,,,,,,,,,,,,,,,86.2307391112503,,,,,,,,,97.2503409656067,,
Gibraltar,,,,,,,,,,,,,,,,,,,,,,,,,,,,,,,,,,,,,,,,,,,,,,,,,,,,
Greece,,,,,,,,,,,,,,,,,,,,,,99.8348094572831,,,,,,,,,,99.9908600964155,,,,,,,,,,100.097778371928,,,,,,,,99.8853870731669,,
Greenland,,,,,,,,,,,,,,,,,,,,,,,,,,,,,,,,,,,,,,,,,,,,,,,,,,,,
Grenada,,,,,,,,,,,,,,,,,,,,,,,,,,,,,,,,,,,,,,,,,,,,,100,,,,,,,
Guam,,,,,,,,,,,,,,,,,,,,,100.574828636448,,,,,,,,,,,,,,,,,,,,,,,,,,,,,,,
Guatemala,,,,,,,,,,,,,,,,,,,,,,,,,,,,,,,,,,,86.5401274259421,,,,,,,,90.7522363894737,,,,,,,94.9923531381198,,
Guinea,,,,,,,,,,,,,,,,,,,,,,,,,,,,,,,,,,,,,,,,,,,,57.4492075311505,,,,,,79.0955398083882,,
Guinea-Bissau,,,,,,,,,,,,,,,,,,,,29.8243638333401,,,,,,,,,,,,,,,,,,,,,61.3674970322239,,,,,,,,,81.2516117203988,,
Guyana,,,,,,,,,,,,,,,,,,,,,,,,,,,,,,,,,,,,,,,,,,,,,,,,,,,,
Haiti,,,,,,,,,,,,,,,,,,,,,,,99.5935776782409,,,,,,,,,,,,,,,,,,,,,,115.425531914894,,,,,,,
Honduras,,,,,,,,,,,,,,,,,,,,,,,,,,,,,,,,,,,,,,,,,,104.625715694751,,,,,,102.545188369085,,,,
"Hong Kong, China",,,,,,,,,,,,,,,,,,,,,,,,,,,,,,,,,,,,,,,,,,,,,,,,,,,,
Hungary,,,,,,,,,,,,,,,,,,,,,99.8958573809583,,,,,,,,,,,,,,100.20202020202,,,,,,,,,,100.609137055838,,,,,100.145726099369,,
Iceland,,,,,,,,,,,,,,,,,,,,,,,,,,,,,,,,,,,,,,,,,,,,,,,,,,,,
India,,,,,,,,,,,,,,,,,,,,,,60.8031301815743,,,,,,,,,,67.1328782537047,,,,,,,,,,80.4665406566217,,,,,84.1015585183396,,,,,
Indonesia,,,,,,,,,,,,,,,,,,,,,91.1343828023861,,,,,,,,,,97.6047596975328,,,,,,,,,,,,,,99.6713608219569,,99.2217547244735,,99.8442104085984,,,
Iran,,,,,,,,,,,,,,,,,59.7005655498668,,,,,,,,,,77.6005101108619,,,,,87.8461192170059,,,,,84.311377245509,,,,,,,,,98.6011318767712,98.9568914646595,,99.7249009968332,,,
Iraq,,,,,,,,,,,,,,,,,,,,,,,,,,,,,,,,,,,,,,,,,90.5303108470278,,,,,,,,,94.7322859584873,,
Ireland,,,,,,,,,,,,,,,,,,,,,,,,,,,,,,,,,,,,,,,,,,,,,,,,,,,,
Isle of Man,,,,,,,,,,,,,,,,,,,,,,,,,,,,,,,,,,,,,,,,,,,,,,,,,,,,
Israel,,,,,,,,,,,,,,,,,,,,,,,,98.981838022335,,,,,,,,,,,,,,,,,,,,,,,,,,,,
Italy,,,,,,,,,,,,,,,,,,,,,,99.8895678050697,,,,,,,,,,,,,,,,,,,,100.015669830291,,,,,,,,100.011432021914,,
Jamaica,,,,,,,,,,,,,,,,,,,,,,,,,,,,,,,,,,,,,,,,110.289759727419,,,,,,,,,,106.628884196196,,
Japan,,,,,,,,,,,,,,,,,,,,,,,,,,,,,,,,,,,,,,,,,,,,,,,,,,,,
Jordan,,,,,,,,,,,,,,,,,,,,88.5592380573063,,,,,,,,,,,,,,,,,,,,,,,,99.5817134868532,,100.09348430725,,99.9944684155215,,,,
Kazakhstan,,,,,,,,,,,,,,,,,,,,,,,,,,,,,,100.057452102756,,,,,,,,,,100.058785292082,,,,,,,,,,100.081941812494,,
Kenya,,,,,,,,,,,,,,,,,,,,,,,,,,,,,,,,,,,,,,,,,101.124865922157,,,,,,,,,101.830540159052,,
Kiribati,,,,,,,,,,,,,,,,,,,,,,,,,,,,,,,,,,,,,,,,,,,,,,,,,,,,
"Korea, Dem. Rep.",,,,,,,,,,,,,,,,,,,,,,,,,,,,,,,,,,,,,,,,,,,,,,,,,100.000191545372,,,
"Korea, Rep.",,,,,,,,,,,,,,,,,,,,,,,,,,,,,,,,,,,,,,,,,,,,,,,,,,,,
Kosovo,,,,,,,,,,,,,,,,,,,,,,,,,,,,,,,,,,,,,,,,,,,,,,,,,,,,
Kuwait,,,,,,,,,,,,,,,,84.9643781658832,,,,,93.5318930781368,,,,,92.7241652597787,,,,,,,,,,96.1459656507373,,,,,,,,,,100.09692226622,99.9767461215993,100.11072543822,100.176746772391,,,
Kyrgyzstan,,,,,,,,,,,,,,,,,,,,,,,,,,,,,,,,,,,,,,,,100.090828455258,,,,,,,,,,100.095241188898,,
Laos,,,,,,,,,,,,,,,,,,,,,,,,,,,,,,,,,,,,81.2709538621582,,,,,83.532750504471,90.4153029610132,,,,88.2857469837646,,,,,,
Latvia,,,,,,,,,,,,,,,,,,,,,,,,,,,,,,100.071042879137,,,,,,,,,,,100.065310268329,,,,,,,,,100.086058373002,,
Lebanon,,,,,,,,,,,,,,,,,,,,,,,,,,,,,,,,,,,,,,,,,,,,,,,,100.697426792562,,,,
Lesotho,,,,,,,,,,,,,,,,,,,,,,,,,,,,,,,,,,,,,,,,,114.93712867407,,,,,,,,,114.418465874914,,
Liberia,,,,,,,,,,,,,,,,,,,,,,,,,53.6781985243487,,,,,,,,,,82.9268292682927,,,,,,,,,,106.686046511628,,,,,114.928980590718,,
Libya,,,,,,,,,,,,,,,,,,,,,,,,,82.0735105049447,,,,,,,,,,96.8812877263581,,,,,,,,,,99.5991983967936,,,,,99.8579277629327,,
Liechtenstein,,,,,,,,,,,,,,,,,,,,,,,,,,,,,,,,,,,,,,,,,,,,,,,,,,,,
Lithuania,,,,,,,,,,,,,,,,,,,,,,,,,,,,,,100.06753015688,,,,,,,,,,,,100.080433466053,,,,,,,,100.014393855788,,
Luxembourg,,,,,,,,,,,,,,,,,,,,,,,,,,,,,,,,,,,,,,,,,,,,,,,,,,,,
"Macao, China",,,,,,,,,,,,,,,,,,,,,,99.0148845272589,,,,,,,,,,,,,,,,,,,,100.382251706751,,,,,100.113128892237,,,,,
"Macedonia, FYR",,,,,,,,,,,,,,,,,,,,,,,,,,,,,,,,,,,99.4174279976814,,,,,,,,99.4948230449378,,,,,,,99.6395873172119,,
Madagascar,,,,,,,,,,,,,,,,,,,,,,,,,,,,,,,,,,,,,,,,,93.8545199438509,,,,,,,,97.0451236497331,,,
Malawi,,,,,,,,,,,,,,,,,,,,,,,,,,,,69.7439197431673,,,,,,,,,,,86.1245722663368,,,,,,,,,,,99.015650021787,,
Malaysia,,,,,,,,,,,,,,,,,,,,,96.6876342473012,,,,,,,,,,,99.2864982216514,,,,,,,,,100.061288369713,,,,,,,,,100.221058535256,,
Maldives,,,,,,,,,,,,,,,,,,103.552714345686,,,,,,,,101.358274272687,,,,,100.242844445629,,,,,100.269555690198,,,,,100.269555690227,,,,,,100.12135210594,,,,,
Mali,,,,,,,,,,,,,,,,,50.5319193782402,,,,,,,,,,,,,,,,,,,,,,52.2792413597538,,,,,48.6238532110092,,,65.0031173525931,,,,,
Malta,,,,,,,,,,,,,,,,,,,,,,,,,,101.653839041774,,,,,,,,,,103.646967069777,,,,,,,,,,101.694003636652,,,,,,
Marshall Islands,,,,,,,,,,,,,,,,,,,,,,,,,,,,,,,,,,,,,,,,,,,,,,,,,,,,
Mauritania,,,,,,,,,,,,,,,,,,,,,,,,,,,,,,,,,,,,,,,,,81.9157487584857,,,,,,,,,90.7520418405532,,
Mauritius,,,,,,,,,,,,,,,,,,,,,,,,,,,,,,,101.113981717522,,,,,,,,,,101.749921338365,,,,,,,,,102.104369078116,,
Mayotte,,,,,,,,,,,,,,,,,,,,,,,,,,,,,,,,,,,,,,,,,,,,,,,,,,,,
Mexico,,,,,,,,,,,,,,,,,,,,,97.6084287185284,,,,,,,,,,98.8951549859485,,,,,,,,,,99.7221335453963,,99.3173543548259,,100.092939591574,99.9832935160235,99.577596470925,99.9157143990924,99.945845769152,99.7076854833087,,
"Micronesia, Fed. Sts.",,,,,,,,,,,,,,,,,,,,,,,,,,,,,,,,,,,,,,,,,,,,,,,,,,,,
Moldova,,,,,,,,,,,,,,,,,,,,,,,,,,,,,,100.018432066972,,,,,,,,,,,100.24985127905,,,,,,,,,100.327439107259,,
Monaco,,,,,,,,,,,,,,,,,,,,,,,,,,,,,,,,,,,,,,,,,,,,,,,,,,,,
Mongolia,,,,,,,,,,,,,,,,,,,,,,,,,,,,,,,,,,,,,,,,,101.477687631565,,,,,,,,,103.004755765062,,
Montenegro,,,,,,,,,,,,,,,,,,,,,,,,,,,,,,,,,,,,,,,,,,,,,,,,,,,,
Morocco,,,,,,,,,,,,,,,,,,,,,,,53.2562800435827,,,,,,,,,,,,64.4342855236967,,,,,,,,,,74.864967595848,,,,81.4613928567301,83.1850379874108,,
Mozambique,,,,,,,,,,,,,,,,,,,,,39.2709201274908,,,,,,,,,,,,,,,,,61.4826785064198,,,,,,67.2922827853177,,,,,,81.5511457075952,,
Myanmar,,,,,,,,,,,,,,,,,,,,,,,,91.8460566824542,,,,,,,,,,,,,,,,,97.6237952468087,,,,,,,,,99.2332130138287,,
Namibia,,,,,,,,,,,,,,,,,,,,,,,,,,,,,,,,105.500889174289,,,,,,,,,,102.553060224715,,,,,,,,104.162987725493,,
Nepal,,,,,,,,,,,,,,,,,,,,,,33.1882213792092,,,,,,,,,,47.8772025683201,,,,,,,,,,74.6053100605773,,,,,,,,88.2873359524414,,
Netherlands,,,,,,,,,,,,,,,,,,,,,,,,,,,,,,,,,,,,,,,,,,,,,,,,,,,,
New Caledonia,,,,,,,,,,,,,,,,,100.988726118725,,,,,,,,,,,,,100.206842659262,,,,,,,100.094307844876,,,,,,,,,,,,,100.272744615124,,
New Zealand,,,,,,,,,,,,,,,,,,,,,,,,,,,,,,,,,,,,,,,,,,,,,,,,,,,,
Nicaragua,,,,,,,,,,,,,,,,,,,,,,,,,,,,,,,,,,,,,,,,,,106.203366586119,,,,104.329562114456,,,,,,
Niger,,,,,,,,,,,,,,,,,,,,,,,,,,,,,,,,,,,,,,,,,,103.987433744731,,,,44.2281060775563,,,,,,
Nigeria,,,,,,,,,,,,,,,,,,,,,,,,,,,,,,,,76.8078110435101,,,,,,,,,,,,77.4490615786202,,,,,,83.5960442806544,,
Northern Mariana Islands,,,,,,,,,,,,,,,,,,,,,,,,,,,,,,,,,,,,,,,,,,,,,,,,,,,,
Norway,,,,,,,,,,,,,,,,,,,,,,,,,,,,,,,,,,,,,,,,,,,,,,,,,,,,
Oman,,,,,,,,,,,,,,,,,,,,,,,,,,,,,,,,,,,,,,,,,,,,98.770103278332,,,,,99.9906359219344,,,
Pakistan,,,,,,,,,,,,,,,,,,,,,,53.5537700394123,,,,,,,,,,,,,,,,,64.2062116924675,,,,,,,69.2594559172184,73.7913498077066,,77.1214803453701,,,
Palau,,,,,,,,,,,,,,,,,,,,,100.174252664243,,,,,,,,,,,,,,,,,,,,,,,,,,,,,,,
Panama,,,,,,,,,,,,,,,,,,,,,100.371595754298,,,,,,,,,,99.3541244019836,,,,,,,,,,99.0595607803993,,,,,,,,,99.6249523104118,,
Papua New Guinea,,,,,,,,,,,,,,,,,,,,,,,,,,,,,,,,,,,,,,,,,92.6582814320118,,,,,,,,,108.648289893073,,
Paraguay,,,,,,,,,,,,,,,,,,,,,,,98.7001802001764,,,,,,,,,,99.4832781657778,,,,,,,,,,,,,,,99.9690694918798,,,,
Peru,,,,,,,,,,,,,,,,,,,,,,93.0065503335726,,,,,,,,,,,,96.7013333335491,,,,,,,,,,,97.8047599940998,98.3317447866731,98.4214117563234,98.6654618730063,,,,
Philippines,,,,,,,,,,,,,,,,,,,,,101.543669335481,,,,,,,,,,100.624250858295,,,,,,,,,,101.336061887001,,,103.208324273653,,,,,101.516773018434,,,
Poland,,,,,,,,,,,,,,,,,,,100.037160792948,,,,,,,,,,,,,,,,100.100200400802,,,,,,,,,,100.100200400802,,,,,100.103373949324,,
Portugal,,,,,,,,,,,,,,,,,,,,,,100.57112928196,,,,,,,,,,100.116414464554,,,,,,,,,,,,,,,,,,100.067896324479,,
Puerto Rico,,,,,,,,,,,,,,,,,,,,,101.482597443412,,,,,,,,,,102.047438700915,,,,,,,,,,,,,,100.228310502283,,,,,101.131619709432,,
Qatar,,,,,,,,,,,,,,,,,,,,,,,,,,,103.053545557836,,,,,,,,,,,101.79185764687,,,,,,,102.797185482359,,,99.868901968155,101.643295730343,100.250132670223,,
Romania,,,,,,,,,,,,,,,,,,,,,,,,,,,,,,,,,99.85079880049,,,,,,,,,,100.03610641067,,,,,,,100.260810665319,,
Russia,,,,,,,,,,,,,,,,,,,,,,,,,,,,,,100.058640644585,,,,,,,,,,,,,100.092492152868,,,,,,,100.124311955658,,
Rwanda,,,,,,,,,,,,,,,,,,,74.9152419125076,,,,,,,,,,,,,100,,,,,,,,,97.8799406888366,,,,,,,,,100.506671863301,,
Saint Kitts and Nevis,,,,,,,,,,,,,,,,,,,,,,,,,,,,,,,,,,,,,,,,,,,,,,,,,,,,
Saint Lucia,,,,,,,,,,,,,,,,,,,,,,,,,,,,,,,,,,,,,,,,,,,,,,,,,,,,
Saint Martin,,,,,,,,,,,,,,,,,,,,,,,,,,,,,,,,,,,,,,,,,,,,,,,,,,,,
Saint Vincent and the Grenadines,,,,,,,,,,,,,,,,,,,,,,,,,,,,,,,,,,,,,,,,,,,,,,,,,,,,
Samoa,,,,,,,,,,,,,,,,,,,,,,,,,,,,,,,,99.8284907183212,,,,,,,,,,,,,100.100704934542,,,,,100.159404209539,,
San Marino,,,,,,,,,,,,,,,,,,,,,,,,,,,,,,,,,,,,,,,,,,,,,,,,,,,,
Sao Tome and Principe,,,,,,,,,,,,,,,,,,,,,,81.5434552695686,,,,,,,,,,95.8709720095507,,,,,,,,,,98.8315345720259,,,,,,,,101.000570959659,,
Saudi Arabia,,,,,,,,,,,,,,,,,,,,,,,,,,,,,,,,,86.2824408898067,,,,,,,,95.5531455932619,,,,97.6510888376521,,,,,97.8046487418732,,
Senegal,,,,,,,,,,,,,,,,,,,,,,,,,,,,,57.0655219946462,,,,,,,,,,,,,,70.0492788882636,,,,76.6280091753763,,,75.726278562296,,
Serbia,,,,,,,,,,,,,,,,,,,,,,,,,,,,,,,,,,,,,,,,,,,,99.9229879295864,,,,,,,,
Seychelles,,,,,,,,,,,,,,,,,,,,,,,,,,,,101.712276036014,,,,,,,100.654312784018,,,,,,,,100.611290583655,,,,,,100.611290580874,,,
Sierra Leone,,,,,,,,,,,,,,,,,,,,,,,,,,,,,,,,,,,,,,,,,,,,,62.6654185579812,,,,,71.0516651646004,,
Singapore,,,,,,,,,,,,,,,,,,,,,99.7414670112761,,,,,,,,,,100.231897663512,,,,,,,,,,100.195672499102,,,,,,,,,100.115456072544,,
Slovak Republic,,,,,,,,,,,,,,,,,,,,,,,,,,,,,,,,,,,,,,,,,,,,,,,,,,,,
Slovenia,,,,,,,,,,,,,,,,,,,,,,,,,,,,,,,,100.042153795705,,,,,,,,,,,,,100.100200400802,,,,,100.089197485156,,
Solomon Islands,,,,,,,,,,,,,,,,,,,,,,,,,,,,,,,,,,,,,,,,88.8888888888889,,,,,,,,,,,,
Somalia,,,,,,,,,,,,,,,,,,,,,,,,,,,,,,,,,,,,,,,,,,,,,,,,,,,,
South Africa,,,,,,,,,,,,,,,,,,,,,99.5630205775285,,,,,,,,,,,,,,,,100.845077165363,,,,,,,,,,,101.078811139606,,,,
Spain,,,,,,,,,,,,,,,,,,,,,,100.00126403872,,,,,,,,,,100.029766384955,,,,,,,,,,,,,,,,99.9780079406661,100.075142097731,99.9182714665243,,
Sri Lanka,,,,,,,,,,,,,,,,,,,,,,98.1633613338766,,,,,,,,,,,,,,,,,,,,101.110629148893,,,,,100.940080369786,,101.287947763971,,,
Sudan,,,,,,,,,,,,,,,,,,,,,,,,,,,,,,,,,,,,,,,,,,,,,,,,,,,,
Suriname,,,,,,,,,,,,,,,,,,,,,,,,,,,,,,,,,,,,,,,,,,,,,98.4554377770874,,,,100.084446875138,,,
Swaziland,,,,,,,,,,,,,,,,,98.5497210802596,,,,,,,,,,101.457645834899,,,,,,,,,,,,,,103.196860931943,,,,,,,,,103.227558429534,,
Sweden,,,,,,,,,,,,,,,,,,,,,,,,,,,,,,,,,,,,,,,,,,,,,,,,,,,,
Switzerland,,,,,,,,,,,,,,,,,,,,,,,,,,,,,,,,,,,,,,,,,,,,,,,,,,,,
Syria,,,,,,,,,,,,,,,,,,,,,,66.4365328441762,,,,,,,,,,,,,,,,,,,,,95.6965844638984,,95.3611063209822,,,,,97.056546146395,,
Tajikistan,,,,,,,,,,,,,,,,,,,,,,,,,,,,,,99.9346262515498,,,,,,,,,,,100.005298067558,,,,,,,,,100.020279380767,,
Tanzania,,,,,,,,,,,,,,,,,,,,,,,,,,,,,90.327463147066,,,,,,,,,,,,,,94.1728503565158,,,,,,,97.3272584012129,,
Thailand,,,,,,,,,,,,,,,,,,,,,98.5665678489638,,,,,,,,,,,,,,,,,,,,99.7431638008777,,,,,99.6559899675076,,,,,,
Timor-Leste,,,,,,,,,,,,,,,,,,,,,,,,,,,,,,,,,,,,,,,,,,,,,,,,,,,,
Togo,,,,,,,,,,,,,,,,,,,,,,,,,,,,,,,,,,,,,,,,,75.9678552244838,,,,,,80.0464853017652,,,,,
Tonga,,,,,,,,,,,,,,,,,99.9551603420438,,,,,,,,,,,,,,,,,,,,100.089934213844,,,,,,,,,,100.254651366821,,,,,
Trinidad and Tobago,,,,,,,,,,,,,,,,,,,,,100.048915468444,,,,,,,,,,100,,,,,,,,,,,,,,100,,,,,100.015581872947,,
Tunisia,,,,,,,,,,,,,,,,,,,,,,,,,72.9180108676114,,,,,,,,,,,,,,,,,,,,95.6903270285886,,,,97.6074933933865,,,
Turkey,,,,,,,,,,,,,,,,75.2069435441705,,,,,80.3635857873829,,,,,89.8383612704372,,,,,91.5243700019803,,,,,,,,,,,,,,95.1752603629989,95.5258984261067,95.6830388460309,95.6429134078508,,97.526975075777,,
Turkmenistan,,,,,,,,,,,,,,,,,,,,,,,,,,,,,,,,,,,,100.005030593623,,,,,,,,,,,,,,100.103369469886,,
Turks and Caicos Islands,,,,,,,,,,,,,,,,,,,,,,,,,,,,,,,,,,,,,,,,,,,,,,,,,,,,
Tuvalu,,,,,,,,,,,,,,,,,,,,,,,,,,,,,,,,,,,,,,,,,,,,,,,,,,,,
Uganda,,,,,,,,,,,,,,,,,,,,,,,,,,,,,,,,81.7413273373533,,,,,,,,,,,88.6240638027051,,,,,,,,95.3548107165283,
Ukraine,,,,,,,,,,,,,,,,,,,,,,,,,,,,,,,,,,,,,,,,,,100.058410295856,,,,,,,,100.07345638824,,
United Arab Emirates,,,,,,,,,,,,,,,,85.9036381729358,,,,,,,,,,104.320817021163,,,,,,,,,,,,,,,,,,,,103.606499664048,,,,,,
United Kingdom,,,,,,,,,,,,,,,,,,,,,,,,,,,,,,,,,,,,,,,,,,,,,,,,,,,,
United States,,,,,,,,,,,,,,,,,,,,,,,,,,,,,,,,,,,,,,,,,,,,,,,,,,,,
Uruguay,,,,,,,,,,,,,,,,101.120055936256,,,,,,,,,,100.744973873271,,,,,,,,,,,100.880386849438,,,,,,,,,,100.816330643735,100.538410886363,100.70220090709,101.499001644376,,
Uzbekistan,,,,,,,,,,,,,,,,,,,,,,,,,,,,,,,,,,,,,,,,,99.920417321299,,,,,,,,,100.120431193531,,
Vanuatu,,,,,,,,,,,,,,,,,,,,89.3059654403703,,,,,,,,,,,,,,,97.4770642201835,,,,,,,,,,99.6746203904556,,,,,100.240582093805,,
Venezuela,,,,,,,,,,,,,,,,,,,,,,101.684709237534,,,,,,,,,101.945561017353,,,,,,,,,,,101.806428324856,,,,,,100.879507090656,,,,
Vietnam,,,,,,,,,,,,,,,,,,,,97.8296153107062,,,,,,,,,,99.2768331665729,,,,,,,,,,99.3709648544147,98.3969855407747,,,,,,,,,99.1072908689963,,
Virgin Islands (U.S.),,,,,,,,,,,,,,,,,,,,,,,,,,,,,,,,,,,,,,,,,,,,,,,,,,,,
West Bank and Gaza,,,,,,,,,,,,,,,,,,,,,,,,,,,,,,,,,,,,,,100.283626740982,,,,,,,99.8282530220759,,100.107415279455,99.8514539081408,99.7594760568248,100.000564096902,,
"Yemen, Rep.",,,,,,,,,,,,,,,,,,,,,,,,,,,,,,,,,,,42.7245434039666,,,,,,,,,,65.301724137931,,,,,75.4883783060877,,
Zambia,,,,,,,,,,,,,,,,,,,,,,,,,,,,,,,97.4059803285914,,,,,,,,,91.2019088829884,,,85.3147308150476,,,,,,,82.2910031664659,,
Zimbabwe,,,,,,,,,,,,,,,,,,,,,,,90.3921901533446,,,,,,,,,,97.7344382266579,,,,,,,,,,,,,,,,,101.106988268701,,